german,article,plural,english,level,category
Treppe,die,Treppen,staircase / stairs,B1,home
Stiege,die,Stiegen,staircase (Austrian),B1,home
Abo,das,Abos,subscription,B1,communication
Akku,der,Akkus,battery / rechargeable battery,B1,general
Azubi,der,Azubis,apprentice / trainee,B1,education
DVD,die,DVDs,DVD,B1,communication
Kfz,das,Kfz,motor vehicle,B1,transportation
Lkw,der,Lkw,truck / lorry,B1,transportation
Pkw,der,Pkw,car / passenger vehicle,B1,transportation
Baby,das,Babys,baby,B1,people
Babysitter,der,Babysitter,babysitter,B1,people
Band,die,Bands,band,B1,communication
Bar,die,Bars,bar,B1,places
Bikini,der,Bikinis,bikini,B1,clothing
Blog,der,Blogs,blog,B1,communication
Camp,das,Camps,camp,B1,places
Castingshow,die,Castingshows,casting show,B1,communication
CD-Player,der,CD-Player,CD player,B1,communication
Chat,der,Chats,chat,B1,communication
Chip,der,Chips,chip,B1,food
City,die,Cities,city centre,B1,places
Club,der,Clubs,club,B1,places
Computer,der,Computer,computer,B1,general
E-Bike,das,E-Bikes,e-bike / electric bicycle,B1,transportation
E-Book,das,E-Books,e-book,B1,communication
Fan,der,Fans,fan,B1,people
Fax,das,Faxe,fax,B1,communication
Festival,das,Festivals,festival,B1,communication
Fitness,die,Fitness,fitness,B1,health
Hamburger,der,Hamburger,hamburger,B1,food
Hit,der,Hits,hit,B1,communication
Homepage,die,Homepages,homepage / website,B1,communication
Internet,das,,internet,B1,communication
Jazz,der,,jazz,B1,communication
Job,der,Jobs,job,B1,education
Killer,der,Killer,killer,B1,people
Laptop,der,Laptops,laptop,B1,general
Link,der,Links,link,B1,communication
Mailbox,die,Mailboxen,mailbox / voicemail,B1,communication
Manager,der,Manager,manager,B1,people
Mobilbox,die,Mobilboxen,mobile voicemail,B1,communication
Mountainbike,das,Mountainbikes,mountain bike,B1,transportation
Plattform,die,Plattformen,platform,B1,general
Poster,das,Poster,poster,B1,communication
Puzzle,das,Puzzles,puzzle / jigsaw,B1,general
Show,die,Shows,show,B1,communication
Smartphone,das,Smartphones,smartphone,B1,communication
Snack,der,Snacks,snack,B1,food
Software,die,,software,B1,general
Song,der,Songs,song,B1,communication
Spot,der,Spots,spot / advertisement,B1,communication
Steak,das,Steaks,steak,B1,food
Swimmingpool,der,Swimmingpools,swimming pool,B1,places
Taxi,das,Taxis,taxi,B1,transportation
Team,das,Teams,team,B1,people
Terminal,das,Terminals,terminal,B1,places
Tour,die,Touren,tour,B1,transportation
Trend,der,Trends,trend,B1,general
T-Shirt,das,T-Shirts,T-shirt,B1,clothing
User,der,User,user,B1,people
Aufgabe,die,,task / assignment,B1,education
Antwortbogen,der,,answer sheet,B1,education
Anzeige,die,,advertisement / notice,B1,communication
Aussage,die,,statement,B1,communication
Durchsage,die,,announcement,B1,communication
Einleitung,die,,introduction,B1,education
Folie,die,,slide / transparency / foil,B1,general
Hilfsmittel,das,,aid / tool,B1,general
Kommentar,der,,comment / commentary,B1,communication
Lösung,die,,solution,B1,general
Moderator,der,,presenter / moderator,B1,people
Modul,das,,module,B1,general
Präsentation,die,,presentation,B1,education
Punkt,der,,point / dot,B1,general
Rückmeldung,die,,feedback,B1,communication
Struktur,die,,structure,B1,general
Textaufbau,der,,text structure,B1,education
Norden,der,,north,B1,places
Osten,der,,east,B1,places
Süden,der,,south,B1,places
Westen,der,,west,B1,places
Deutsche,der,Deutschen,German (male),B1,people
Europäer,der,Europäer,European (male),B1,people
Österreicher,der,Österreicher,Austrian (male),B1,people
Schweiz,die,,Switzerland,B1,places
Schweizer,der,Schweizer,Swiss (male),B1,people
Grieche,der,Griechen,Greek (male),B1,people
Türkei,die,,Turkey,B1,places
Türke,der,Türken,Turkish person (male),B1,people
Ukraine,die,,Ukraine,B1,places
Ukrainer,der,,Ukrainian (male),B1,people
Bund,der,,federation / association,B1,general
Bundespräsident,der,Bundespräsidenten,federal president,B1,people
Bürgermeister,der,Bürgermeister,mayor,B1,people
Demokratie,die,,democracy,B1,general
Europäische Union,die,,European Union,B1,general
Gemeinde,die,,municipality / community,B1,places
Minister,der,Minister,minister,B1,people
Parlament,das,,parliament,B1,general
Partei,die,Parteien,political party,B1,general
Regierung,die,Regierungen,government,B1,general
Staat,der,Staaten,state / country,B1,places
Affe,der,Affen,monkey / ape,B1,animals
Bär,der,Bären,bear,B1,animals
Biene,die,Bienen,bee,B1,animals
Elefant,der,Elefanten,elephant,B1,animals
Ente,die,Enten,duck,B1,animals
Fisch,der,Fische,fish,B1,animals
Fliege,die,Fliegen,fly,B1,animals
Giraffe,die,Giraffen,giraffe,B1,animals
Hase,der,Hasen,hare / rabbit,B1,animals
Hund,der,Hunde,dog,B1,animals
Insekt,das,Insekten,insect,B1,animals
Katze,die,Katzen,cat,B1,animals
Krokodil,das,Krokodile,crocodile,B1,animals
Kuh,die,Kühe,cow,B1,animals
Löwe,der,Löwen,lion,B1,animals
Maus,die,Mäuse,mouse,B1,animals
Mücke,die,Mücken,mosquito / gnat,B1,animals
Pferd,das,Pferde,horse,B1,animals
Pinguin,der,Pinguine,penguin,B1,animals
Schaf,das,Schafe,sheep,B1,animals
Schildkröte,die,Schildkröten,tortoise / turtle,B1,animals
Schlange,die,Schlangen,snake,B1,animals
Schwein,das,Schweine,pig,B1,animals
Vogel,der,Vögel,bird,B1,animals
Frühling,der,,spring (season),B1,time
Sommer,der,,summer,B1,time
Januar,der,,January,B1,time
Februar,der,,February,B1,time
März,der,,March,B1,time
April,der,,April,B1,time
Mai,der,,May,B1,time
Juni,der,,June,B1,time
Juli,der,,July,B1,time
August,der,,August,B1,time
September,der,,September,B1,time
Oktober,der,,October,B1,time
November,der,,November,B1,time
Dezember,der,,December,B1,time
Tag,der,,day,B1,time
Morgen,der,,morning,B1,time
Vormittag,der,,late morning / before noon,B1,time
Mittag,der,,midday / noon,B1,time
Nachmittag,der,,afternoon,B1,time
Abend,der,,evening,B1,time
Nacht,die,,night,B1,time
Mitternacht,die,,midnight,B1,time
Herbst,der,,autumn / fall,B1,time
Winter,der,,winter,B1,time
Sekunde,die,Sekunden,second,B1,time
Minute,die,Minuten,minute,B1,time
Stunde,die,Stunden,hour,B1,time
Woche,die,Wochen,week,B1,time
Monat,der,Monate,month,B1,time
Jahr,das,Jahre,year,B1,time
Jahrzehnt,das,Jahrzehnte,decade,B1,time
Jahrhundert,das,Jahrhunderte,century,B1,time
Jahrtausend,das,Jahrtausende,millennium,B1,time
Wochentag,der,,weekday,B1,time
Wochenende,das,,weekend,B1,time
Montag,der,,Monday,B1,time
Dienstag,der,,Tuesday,B1,time
Mittwoch,der,,Wednesday,B1,time
Donnerstag,der,,Thursday,B1,time
Freitag,der,,Friday,B1,time
Samstag,der,,Saturday,B1,time
Sonntag,der,,Sunday,B1,time
Abitur,das,,school-leaving exam / A-levels,B1,education
Abonnement,das,Abonnements,subscription,B1,communication
Abschluss,der,Abschlüsse,conclusion / degree / qualification,B1,education
Abschnitt,der,Abschnitte,section / paragraph,B1,general
Absender,der,Absender,sender,B1,communication
Absicht,die,Absichten,intention / purpose,B1,general
Abteilung,die,Abteilungen,department,B1,education
Abwart,der,Abwarte,caretaker / janitor,B1,people
Abbildung,die,Abbildungen,illustration / figure,B1,general
Abenteuer,das,Abenteuer,adventure,B1,general
Abfahrt,die,Abfahrten,departure,B1,transportation
Abfall,der,Abfälle,waste / rubbish,B1,general
Abfalleimer,der,Abfalleimer,rubbish bin / waste bin,B1,home
Getränke,die,,drinks / beverages,B1,food
Gerät,das,,device / appliance,B1,general
Alphabet,das,Alphabete,alphabet,B1,education
Alter,das,,age,B1,general
Altenheim,das,Altenheime,nursing home / care home,B1,places
Altersheim,das,Altersheime,old people's home,B1,places
Alternative,die,Alternativen,alternative,B1,general
Ampel,die,Ampeln,traffic light,B1,transportation
Amt,das,Ämter,office / authority,B1,places
Adresse,die,Adressen,address,B1,general
Ahnung,die,,idea / clue,B1,general
Aktion,die,Aktionen,action / campaign,B1,general
Aktivität,die,Aktivitäten,activity,B1,general
Alarm,der,Alarme,alarm,B1,general
Alkohol,der,,alcohol,B1,food
Alltag,der,,everyday life,B1,general
Angst,die,,fear / anxiety,B1,communication
Ankunft,die,,arrival,B1,transportation
Anlage,die,Anlagen,facility / attachment / investment,B1,general
Anleitung,die,Anleitungen,instructions / guide,B1,general
Anmeldung,die,Anmeldungen,registration / enrollment,B1,education
Annonce,die,Annoncen,advertisement / notice,B1,communication
Anrede,die,Anreden,form of address / salutation,B1,communication
Anruf,der,Anrufe,phone call,B1,communication
Anrufbeantworter,der,Anrufbeantworter,answering machine,B1,communication
Ansage,die,Ansagen,announcement,B1,communication
Anbieter,der,Anbieter,provider / supplier,B1,money
Angebot,das,Angebote,offer / deal,B1,money
Änderung,die,Änderungen,change / amendment,B1,general
Anfang,der,Anfänge,beginning / start,B1,general
Angabe,die,Angaben,information / details,B1,general
Anwalt,der,Anwälte,lawyer / attorney,B1,people
Anzug,der,Anzüge,suit,B1,clothing
Apartment,das,Apartments,apartment / flat,B1,home
Apfel,der,Äpfel,apple,B1,food
Apotheke,die,Apotheken,pharmacy / chemist,B1,places
Apparat,der,Apparate,apparatus / device,B1,general
Appetit,der,,appetite,B1,food
Aprikose,die,Aprikosen,apricot,B1,food
Arbeit,die,Arbeiten,work / job / labour,B1,education
Arbeiter,der,Arbeiter,worker / labourer,B1,people
Arbeitserlaubnis,die,,work permit,B1,education
Arbeitslosigkeit,die,,unemployment,B1,education
Arbeitsplatz,der,Arbeitsplätze,workplace / job,B1,education
Arbeitsstelle,die,Arbeitsstellen,place of work / job,B1,education
Anschluss,der,Anschlüsse,connection,B1,communication
Anspruch,der,Ansprüche,claim / entitlement,B1,general
Angestellte,der,Angestellten,employee,B1,people
Antrag,der,Anträge,application / request / motion,B1,general
Antwort,die,Antworten,answer / reply,B1,communication
Aufenthalt,der,Aufenthalte,stay / residence,B1,general
Aufforderung,die,Aufforderungen,request / invitation / demand,B1,communication
Aufnahme,die,Aufnahmen,recording / admission / photograph,B1,general
Architekt,der,Architekten,architect,B1,people
Ärger,der,,annoyance / anger,B1,communication
Arm,der,Arme,arm,B1,body
Art,die,Arten,type / kind / manner,B1,general
Artikel,der,Artikel,article,B1,communication
Arzt,der,Ärzte,doctor / physician,B1,people
Asyl,das,,asylum,B1,general
Atem,der,,breath,B1,body
Ausbildung,die,Ausbildungen,training / education / apprenticeship,B1,education
Ausdruck,der,Ausdrücke,expression / printout,B1,communication
Ausfahrt,die,Ausfahrten,exit (road) / departure,B1,transportation
Ausflug,der,Ausflüge,excursion / day trip,B1,transportation
Ausgabe,die,Ausgaben,edition / expense / output,B1,money
Ausgang,der,Ausgänge,exit / outcome,B1,places
Aushilfe,die,Aushilfen,temporary worker / help,B1,people
Auskunft,die,Auskünfte,information / inquiry,B1,general
Ausland,das,,abroad / foreign country,B1,places
Auftrag,der,Aufträge,order / assignment / commission,B1,education
Auftritt,der,Auftritte,appearance / performance,B1,communication
Aufzug,der,Aufzüge,elevator / lift,B1,home
Auge,das,Augen,eye,B1,body
Augenblick,der,Augenblicke,moment / instant,B1,time
Aussicht,die,Aussichten,view / prospect / outlook,B1,nature
Aussprache,die,,pronunciation,B1,education
Ausstellung,die,Ausstellungen,exhibition / display,B1,places
Auswahl,die,,selection / choice,B1,general
Ausweis,der,Ausweise,identity card / ID,B1,general
Auto,das,Autos,car,B1,transportation
Autobahn,die,Autobahnen,motorway / highway,B1,transportation
Automat,der,Automaten,vending machine / automat,B1,money
Autor,der,Autoren,author,B1,people
Ausländer,der,Ausländer,foreigner,B1,people
Ausnahme,die,Ausnahmen,exception,B1,general
Bargeld,das,,cash,B1,money
Bart,der,Bärte,beard,B1,body
Basketball,der,Basketbälle,basketball,B1,general
Batterie,die,Batterien,battery,B1,general
Bauch,der,Bäuche,stomach / belly,B1,body
Bau,der,Bauten,construction / building,B1,places
Baustelle,die,Baustellen,construction site,B1,places
Bauer,der,Bauern,farmer,B1,people
Baum,der,Bäume,tree,B1,nature
Beamte,der,Beamten,civil servant / official,B1,people
Bedarf,der,,need / demand / requirement,B1,general
Bedeutung,die,Bedeutungen,meaning / importance / significance,B1,communication
Bäckerei,die,Bäckereien,bakery,B1,places
Bad,das,Bäder,bath / bathroom,B1,home
Badewanne,die,Badewannen,bathtub,B1,home
Bahn,die,Bahnen,railway / train / track,B1,transportation
Straßenbahn,die,Straßenbahnen,tram / streetcar,B1,transportation
U-Bahn,die,U-Bahnen,underground / subway / metro,B1,transportation
Bahnhof,der,Bahnhöfe,train station,B1,places
Bahnsteig,der,Bahnsteige,platform,B1,transportation
Balkon,der,Balkone,balcony,B1,home
Ball,der,Bälle,ball,B1,general
Ballett,das,Ballette,ballet,B1,communication
Banane,die,Bananen,banana,B1,food
Bank,die,Bänke,bench / bank,B1,money
Bancomat/Bankomat,der,,ATM / cash machine,B1,money
Bankleitzahl,die,Bankleitzahlen,bank sort code,B1,money
Bankomat-Karte,die,Bankomat-Karten,debit card / bank card,B1,money
Behörde,die,Behörden,authority / government office,B1,places
Beispiel,das,Beispiele,example,B1,general
Beitrag,der,Beiträge,contribution / article,B1,general
Bekannte,der,Bekannten,acquaintance,B1,people
Bedienungsanleitung,die,,operating instructions / user manual,B1,general
Bedingung,die,Bedingungen,condition / requirement,B1,general
Beginn,der,,beginning / start,B1,time
Begründung,die,Begründungen,reason / justification,B1,general
Bericht,der,Berichte,report,B1,communication
Beruf,der,Berufe,profession / occupation,B1,education
Beschäftigung,die,,employment / occupation / activity,B1,education
Bescheid,der,Bescheide,notification / decision,B1,general
Beschreibung,die,Beschreibungen,description,B1,communication
Beleg,der,Belege,receipt / proof / document,B1,money
Benzin,das,,petrol / gasoline,B1,transportation
Beratung,die,,advice / consultation,B1,general
Bereich,der,Bereiche,area / field / sector,B1,general
Berg,der,Berge,mountain / hill,B1,nature
Einbrecher,der,Einbrecher,burglar,B1,people
Betrag,der,Beträge,amount / sum,B1,money
Betreuer,der,Betreuer,supervisor / carer / support worker,B1,people
Betreuung,die,,care / supervision,B1,general
Betrieb,der,Betriebe,company / operation / business,B1,education
Betriebsrat,der,Betriebsräte,works council,B1,education
Bett,das,Betten,bed,B1,furniture
Bevölkerung,die,,population,B1,people
Bewegung,die,Bewegungen,movement / exercise,B1,general
Beweis,der,Beweise,proof / evidence,B1,general
Bewerbung,die,Bewerbungen,application,B1,education
Besprechung,die,Besprechungen,meeting / discussion,B1,education
Besserung,die,,improvement / recovery,B1,health
Bestätigung,die,Bestätigungen,confirmation,B1,general
Besuch,der,Besuche,visit,B1,general
Bitte,die,Bitten,request / please,B1,communication
Blatt,das,Blätter,leaf / sheet,B1,nature
Bleistift,der,Bleistifte,pencil,B1,general
Blick,der,Blicke,look / view / glance,B1,general
Blitz,der,Blitze,lightning / flash,B1,weather
Blume,die,Blumen,flower,B1,nature
Bluse,die,Blusen,blouse,B1,clothing
Blut,das,,blood,B1,body
Bewohner,der,Bewohner,resident / inhabitant,B1,people
Beziehung,die,Beziehungen,relationship,B1,communication
Bibliothek,die,Bibliotheken,library,B1,places
Bier,das,,beer,B1,food
Bild,das,Bilder,picture / image,B1,communication
Bildschirm,der,Bildschirme,screen / monitor,B1,general
Billett,das,Billette,ticket (Swiss),B1,transportation
Biologie,die,,biology,B1,education
Birne,die,Birnen,pear / light bulb,B1,food
Brief,der,Briefe,letter,B1,communication
Briefkasten,der,Briefkästen,letterbox / mailbox,B1,home
Briefmarke,die,Briefmarken,postage stamp,B1,communication
Briefträger,der,,postman / mail carrier,B1,people
Briefumschlag,der,Briefumschläge,envelope,B1,communication
Brieftasche,die,Brieftaschen,wallet / purse,B1,clothing
Brille,die,Brillen,glasses / spectacles,B1,clothing
Broschüre,die,Broschüren,brochure / leaflet,B1,communication
Brot,das,Brote,bread,B1,food
Brötchen,das,Brötchen,bread roll,B1,food
Brötli,das,Brötli,bread roll (Swiss),B1,food
Brücke,die,Brücken,bridge,B1,places
Bruder,der,Brüder,brother,B1,people
Brust,die,,chest / breast,B1,body
Bub,der,Buben,boy (Austrian),B1,people
Buch,das,Bücher,book,B1,education
Buchhandlung,die,Buchhandlungen,bookshop,B1,places
Boden,der,Böden,floor / ground / soil,B1,home
Bogen,der,Bogen,arc / sheet / bow,B1,general
Bohne,die,Bohnen,bean,B1,food
Boot,das,Boote,boat,B1,transportation
Botschaft,die,Botschaften,embassy / message,B1,places
Braten,der,Braten,roast,B1,food
Breite,die,Breiten,width / breadth,B1,general
Bremse,die,Bremsen,brake,B1,transportation
Fahrt,die,,journey / trip / ride,B1,transportation
Licht,das,,light,B1,home
Couch,die,Couchs,couch / sofa,B1,furniture
Creme,die,Cremen,cream,B1,health
Cousin,der,Cousins,cousin (male),B1,people
Cousine,die,Cousinen,cousin (female),B1,people
Couvert,das,Couverts,envelope (Swiss),B1,communication
Dach,das,Dächer,roof,B1,home
Buchstabe,der,Buchstaben,letter (of alphabet),B1,education
Büchse,die,Büchsen,can / tin / box,B1,general
Buffet,das,Buffets,buffet,B1,food
Bühne,die,Bühnen,stage,B1,places
Burg,die,Burgen,castle / fortress,B1,places
Bürger,der,Bürger,citizen,B1,people
Büro,das,Büros,office,B1,places
Bürste,die,Bürsten,brush,B1,health
Zahnbürste,die,Zahnbürsten,toothbrush,B1,health
Bus,der,Busse,bus,B1,transportation
Butter,die,,butter,B1,food
Café,das,Cafés,café,B1,places
Cafeteria,die,Cafeterias,cafeteria,B1,places
Chance,die,Chancen,chance / opportunity,B1,general
Chef,der,Chefs,boss / head / chef,B1,people
Coiffeur,der,Coiffeure,"hairdresser (male, Swiss)",B1,people
Coiffeuse,die,Coiffeusen,"hairdresser (female, Swiss)",B1,people
Dauer,die,,duration,B1,time
Decke,die,Decken,ceiling / blanket,B1,furniture
Gedanke,der,Gedanken,thought / idea,B1,communication
Denkmal,das,Denkmäler,monument / memorial,B1,places
Dessert,das,Desserts,dessert,B1,food
Dame,die,Damen,lady / woman,B1,people
Dank,der,,thanks / gratitude,B1,communication
Darstellung,die,Darstellungen,representation / depiction,B1,communication
Datei,die,Dateien,file (computer),B1,general
Datum,das,,date,B1,time
Daten,die,,data,B1,general
Diskussion,die,Diskussionen,discussion,B1,communication
Distanz,die,Distanzen,distance,B1,general
Doktor,der,Doktoren,doctor,B1,people
Dokument,das,Dokumente,document,B1,general
Donner,der,Donner,thunder,B1,weather
Dose,die,Dosen,can / tin / box,B1,general
Dreck,der,,dirt / filth,B1,general
Detail,das,Details,detail,B1,general
Diät,die,,diet,B1,health
Dialekt,der,Dialekte,dialect,B1,education
Dialog,der,Dialoge,dialogue,B1,communication
Dieb,der,Diebe,thief,B1,people
Dienst,der,,service / duty,B1,education
Ding,das,Dinge,thing / object,B1,general
Diplom,das,Diplome,diploma / degree,B1,education
Direktor,der,Direktoren,director / head teacher,B1,people
Diskothek,die,Diskotheken,discotheque / nightclub,B1,places
Durchschnitt,der,Durchschnitte,average,B1,general
Durst,der,,thirst,B1,food
Dusche,die,Duschen,shower,B1,home
Droge,die,Drogen,drug,B1,health
Drogerie,die,Drogerien,drugstore / toiletries shop,B1,places
Drucker,der,Drucker,printer,B1,general
Druck,der,,pressure / print,B1,general
Eile,die,,hurry / haste,B1,general
Einbruch,der,Einbrüche,burglary / break-in,B1,general
Eindruck,der,Eindrücke,impression,B1,general
Einfahrt,die,Einfahrten,entrance / driveway,B1,transportation
Einfall,der,Einfälle,idea / thought,B1,general
Einfluss,der,Einflüsse,influence,B1,general
Ecke,die,Ecken,corner,B1,places
Eck,das,Ecken,corner (Austrian),B1,places
Ehe,die,Ehen,marriage,B1,people
Ehefrau,die,Ehefrauen,wife,B1,people
Ehepaar,das,Ehepaare,married couple,B1,people
Einnahme,die,Einnahmen,income / intake,B1,money
Einrichtung,die,Einrichtungen,furnishings / facility / institution,B1,home
Einschreiben,das,Einschreiben,registered letter,B1,communication
Eintritt,der,,entry / admission,B1,money
Einwohner,der,Einwohner,inhabitant / resident,B1,people
Einführung,die,Einführungen,introduction,B1,education
Eingang,der,Eingänge,entrance,B1,places
Einkauf,der,Einkäufe,shopping / purchase,B1,money
Einkommen,das,Einkommen,income,B1,money
Einladung,die,Einladungen,invitation,B1,communication
Ende,das,,end,B1,time
Energie,die,Energien,energy,B1,general
Enkel,der,Enkel,grandchild / grandson,B1,people
Entfernung,die,Entfernungen,distance,B1,general
Entlassung,die,Entlassungen,dismissal / discharge,B1,education
Einzahlung,die,Einzahlungen,deposit / payment,B1,money
Eis,das,,ice / ice cream,B1,food
Eisenbahn,die,Eisenbahnen,railway / railroad,B1,transportation
Eltern,die,,parents,B1,people
Empfang,der,Empfänge,reception / receipt,B1,places
Empfänger,der,Empfänger,recipient / receiver,B1,communication
Empfehlung,die,Empfehlungen,recommendation,B1,general
Erdapfel,der,Erdäpfel,potato (Austrian),B1,food
Erdgeschoss/,das,,ground floor,B1,home
Ereignis,das,Ereignisse,event / occurrence,B1,general
Erfahrung,die,Erfahrungen,experience,B1,general
Erfindung,die,Erfindungen,invention,B1,general
Erfolg,der,Erfolge,success,B1,general
Ergebnis,das,Ergebnisse,result / outcome,B1,general
Entscheidung,die,Entscheidungen,decision,B1,general
Entschuldigung,die,Entschuldigungen,excuse / apology,B1,communication
Enttäuschung,die,Enttäuschungen,disappointment,B1,communication
Entwicklung,die,Entwicklungen,development,B1,general
Erde,die,,earth / ground / soil,B1,nature
Steuern,die,,taxes,B1,money
Ermäßigung,die,Ermäßigungen,discount / reduction,B1,money
Ernährung,die,,nutrition / diet,B1,food
Ernte,die,Ernten,harvest,B1,nature
Eröffnung,die,Eröffnungen,opening,B1,general
Ersatz,der,,replacement / substitute,B1,general
Erhöhung,die,Erhöhungen,increase / rise,B1,general
Erholung,die,Erholungen,recovery / relaxation,B1,health
Erinnerung,die,Erinnerungen,memory / reminder,B1,general
Erkältung,die,Erkältungen,cold (illness),B1,health
Erklärung,die,Erklärungen,explanation / declaration,B1,communication
Erlaubnis,die,,permission,B1,general
Erlebnis,das,Erlebnisse,experience / event,B1,general
Experte,der,Experten,expert,B1,people
Export,der,Exporte,export,B1,money
Fabrik,die,Fabriken,factory,B1,places
Fach,das,Fächer,subject / compartment,B1,education
Fachmann,der,,specialist / expert (male),B1,people
Fachfrau,die,Fachfrauen,specialist / expert (female),B1,people
Fachleute,die,,specialists / experts,B1,people
Fähigkeit,die,Fähigkeiten,ability / skill,B1,general
Fähre,die,Fähren,ferry,B1,transportation
Erwachsene,der,Erwachsenen,adult,B1,people
Erzählung,die,Erzählungen,story / narrative,B1,communication
Erziehung,die,,upbringing / education,B1,education
Essen,das,Essen,food / meal,B1,food
Essig,der,,vinegar,B1,food
Etage,die,Etagen,floor / storey,B1,home
Farbe,die,Farben,colour / paint,B1,colors
Faschierte,das,,minced meat (Austrian),B1,food
Fasching,der,Fasching,carnival / Mardi Gras,B1,communication
Fasnacht,die,,carnival (Swiss/German),B1,communication
Fauteuil,der,Fauteuils,armchair (Austrian/Swiss),B1,furniture
Fehler,der,Fehler,mistake / error,B1,general
Feier,die,Feiern,celebration / party,B1,communication
Feierabend,der,,end of the working day,B1,time
Feiertag,der,Feiertage,public holiday,B1,time
Feld,das,Felder,field,B1,nature
Fenster,das,Fenster,window,B1,home
Fahrbahn,die,Fahrbahnen,roadway / carriageway,B1,transportation
Fahrer,der,Fahrer,driver,B1,people
Fahrkarte,die,Fahrkarten,ticket (travel),B1,transportation
Fahrplan,der,Fahrpläne,timetable / schedule,B1,transportation
Fahrrad,das,Fahrräder,bicycle,B1,transportation
Fahrzeug,das,Fahrzeuge,vehicle,B1,transportation
Faktor,der,Faktoren,factor,B1,general
Fall,der,Fälle,case / fall,B1,general
Familie,die,Familien,family,B1,people
Familienstand,der,,marital status,B1,people
Fantasie/Phantasie,die,Fantasie/Phantasien,fantasy / imagination,B1,general
Fett,das,,fat,B1,food
Feuer,das,,fire,B1,general
Feuerzeug,das,Feuerzeuge,lighter,B1,general
Feuerwehr,die,Feuerwehren,fire brigade / fire department,B1,places
Fieber,das,,fever / temperature,B1,health
Figur,die,Figuren,figure / shape / character,B1,general
Film,der,Filme,film / movie,B1,communication
Finger,der,Finger,finger,B1,body
Firma,die,Firmen,company / firm,B1,education
Fläche,die,Flächen,area / surface,B1,general
Flasche,die,Flaschen,bottle,B1,general
Fleck,der,Flecken,stain / spot,B1,general
Fleisch,das,,meat,B1,food
Fleischhauer,der,Fleischhauer,butcher (Austrian),B1,people
Ferien,die,,holidays / vacation,B1,time
Fernsehen,das,,television,B1,communication
Fernseher,der,Fernseher,television set / TV,B1,communication
Fest,das,Feste,festival / celebration,B1,communication
Festplatte,die,Festplatten,hard drive,B1,general
Formular,das,Formulare,form / application form,B1,general
Forschung,die,Forschungen,research,B1,education
Fortbildung,die,Fortbildungen,further training / professional development,B1,education
Fortschritt,der,Fortschritte,progress,B1,general
Fortsetzung,die,Fortsetzungen,continuation / sequel,B1,communication
Forum,das,Foren,forum,B1,communication
Foto,das,Fotos,photo,B1,communication
Fotoapparat,der,Fotoapparate,camera,B1,communication
Fotograf,der,Fotografen,photographer,B1,people
Fotografie,die,Fotografien,photography / photograph,B1,communication
Frage,die,Fragen,question,B1,communication
Frau,die,Frauen,woman / wife / Mrs,B1,people
Freiheit,die,,freedom / liberty,B1,general
Freizeit,die,,free time / leisure,B1,general
Flucht,die,,escape / flight,B1,general
Flohmarkt,der,Flohmärkte,flea market,B1,places
Flöte,die,Flöten,flute,B1,communication
Flug,der,Flüge,flight,B1,transportation
Flughafen,der,Flughäfen,airport,B1,places
Flugzeug,das,Flugzeuge,aeroplane / airplane,B1,transportation
Flur,der,Flure,hallway / corridor,B1,home
Fluss,der,Flüsse,river,B1,nature
Flüssigkeit,die,Flüssigkeiten,liquid / fluid,B1,general
Folge,die,Folgen,consequence / episode,B1,general
Forderung,die,Forderungen,demand / claim,B1,general
Förderung,die,Förderungen,support / promotion / funding,B1,money
Form,die,Formen,form / shape,B1,general
Stadt,die,,city / town,B1,places
Frühstück,das,,breakfast,B1,food
Führerausweis,der,Führerausweise,driving licence (Swiss),B1,transportation
Führerschein,der,Führerscheine,driving licence,B1,transportation
Führung,die,Führungen,leadership / guided tour,B1,places
Fundbüro,das,Fundbüros,lost and found / lost property office,B1,places
Freude,die,,joy / happiness,B1,communication
Freund,der,Freunde,friend / boyfriend,B1,people
Freundschaft,die,Freundschaften,friendship,B1,people
Friede,der,,peace,B1,general
Friseur,der,Friseure,hairdresser,B1,people
Frisur,die,Frisuren,hairstyle / haircut,B1,clothing
Frist,die,Fristen,deadline / period,B1,time
Frucht,die,Früchte,fruit,B1,food
Museum,das,,museum,B1,places
Garten,der,Gärten,garden,B1,nature
Gas,das,,gas,B1,general
Gast,der,Gäste,guest,B1,people
Gasthaus,das,Gasthäuser,inn / pub / guesthouse,B1,places
Gaststätte,die,Gaststätten,restaurant / pub,B1,places
Gebäude,das,Gebäude,building,B1,places
Gebäck,das,,pastries / baked goods,B1,food
Gebiet,das,Gebiete,area / region / field,B1,places
Gebirge,das,,mountains / mountain range,B1,nature
Gebrauchsanweisung,die,,instructions for use,B1,general
Gebühr,die,Gebühren,fee / charge,B1,money
Geburt,die,Geburten,birth,B1,people
Geburtstag,der,Geburtstage,birthday,B1,time
Gedicht,das,Gedichte,poem,B1,communication
Geduld,die,,patience,B1,communication
Fuß,der,Füße,foot,B1,body
Fußball,der,Fußbälle,football / soccer,B1,general
Fußgänger,der,Fußgänger,pedestrian,B1,people
Fußgängerzone,die,Fußgängerzonen,pedestrian zone,B1,places
Gabel,die,Gabeln,fork,B1,food
Galerie,die,Galerien,gallery,B1,places
Gang,der,Gänge,hallway / corridor / aisle / gear,B1,home
Garage,die,Garagen,garage,B1,home
Garantie,die,,guarantee / warranty,B1,money
Garderobe,die,Garderoben,wardrobe / cloakroom,B1,clothing
Gehalt,das,Gehälter,salary / wages,B1,money
Geheimnis,das,Geheimnisse,secret,B1,general
Gehsteig,der,,pavement / sidewalk,B1,places
Geld,das,,money,B1,money
Geldautomat,der,Geldautomaten,ATM / cash machine,B1,money
Geldbörse,die,Geldbörsen,purse / wallet,B1,money
Gelegenheit,die,Gelegenheiten,opportunity / occasion,B1,general
Gefahr,die,Gefahren,danger,B1,general
Gefängnis,das,Gefängnisse,prison / jail,B1,places
Gefühl,das,Gefühle,feeling / emotion,B1,communication
Gegner,der,Gegner,opponent / adversary,B1,people
Gegend,die,Gegenden,area / region / neighbourhood,B1,places
Gegensatz,der,Gegensätze,contrast / opposite,B1,general
Gegenstand,der,Gegenstände,object / item,B1,general
Gegenteil,das,Gegenteile,opposite,B1,general
Gericht,das,Gerichte,court / dish (food),B1,places
Geschenk,das,Geschenke,gift / present,B1,general
Geschichte,die,Geschichten,history / story,B1,education
Geschirr,das,,dishes / crockery,B1,food
Geschlecht,das,Geschlechter,gender / sex,B1,people
Geschmack,der,,taste / flavour,B1,food
Geschwindigkeit,die,Geschwindigkeiten,speed / velocity,B1,transportation
Geschwindigkeitsbeschränkung,die,Geschwindigkeitsbeschränkungen,speed limit,B1,transportation
Geschwister,die,,siblings,B1,people
Gesellschaft,die,Gesellschaften,society / company,B1,people
Gesetz,das,Gesetze,law,B1,general
Gesicht,das,Gesichter,face,B1,body
Gemeinschaft,die,Gemeinschaften,community,B1,people
Gemüse,das,,vegetables,B1,food
Generation,die,Generationen,generation,B1,people
Gepäck,das,,luggage / baggage,B1,transportation
Gewürz,das,Gewürze,spice / seasoning,B1,food
Gift,das,Gifte,poison,B1,health
Gitarre,die,Gitarren,guitar,B1,communication
Glas,das,Gläser,glass,B1,food
Gleis,das,Gleise,track / rail,B1,transportation
Glück,das,,happiness / luck,B1,communication
Glückwunsch,der,Glückwünsche,congratulation,B1,communication
Gold,das,,gold,B1,general
Gespräch,das,Gespräche,conversation / talk,B1,communication
Gesundheit,die,,health,B1,health
Getränk,das,Getränke,drink / beverage,B1,food
Gewalt,die,Gewalten,violence / force,B1,general
Gewerkschaft,die,Gewerkschaften,trade union,B1,education
Gewicht,das,Gewichte,weight,B1,general
Gewinn,der,Gewinne,profit / prize / win,B1,money
Gewissen,das,,conscience,B1,communication
Gewitter,das,Gewitter,thunderstorm,B1,weather
Gewohnheit,die,Gewohnheiten,habit / custom,B1,general
Grundstück,das,Grundstücke,plot / property,B1,money
Gruppe,die,Gruppen,group,B1,people
Gruß,der,Grüße,greeting,B1,communication
Gymnastik,die,,gymnastics / exercise,B1,health
Haar,das,Haare,hair,B1,body
Gott,der,Götter,God,B1,general
Grafik,die,Grafiken,graphic / chart,B1,communication
Gras,das,,grass,B1,nature
Gratulation,die,Gratulationen,congratulation,B1,communication
Grenze,die,Grenzen,border / limit,B1,places
Grill,der,,grill / barbecue,B1,food
Grippe,die,,flu / influenza,B1,health
Grund,der,Gründe,reason / ground,B1,general
Halt,der,,stop,B1,transportation
Haltestelle,die,Haltestellen,bus stop / tram stop,B1,transportation
Hammer,der,Hämmer,hammer,B1,general
Hand,die,Hände,hand,B1,body
Handwerker,der,Handwerker,craftsman / tradesman,B1,people
Handel,der,,trade / commerce,B1,money
Händler,der,Händler,trader / dealer,B1,people
Handy,das,Handys,mobile phone / cell phone,B1,communication
Hackfleisch,das,,minced meat,B1,food
Hafen,der,Häfen,harbour / port,B1,places
Hähnchen/Hühnchen,das,,chicken,B1,food
Halbpension,die,,half board,B1,places
Hälfte,die,Hälften,half,B1,general
Halle,die,Hallen,hall,B1,places
Hallenbad,das,Hallenbäder,indoor swimming pool,B1,places
Hals,der,Hälse,neck / throat,B1,body
Heizung,die,Heizungen,heating,B1,home
Held,der,Helden,hero,B1,people
Hilfe,die,,help / assistance,B1,general
Hemd,das,Hemden,shirt,B1,clothing
Hendl,das,Hendl,chicken (Austrian),B1,food
Herausforderung,die,Herausforderungen,challenge,B1,general
Herd,der,Herde,cooker / stove,B1,home
Herr,der,Herren,gentleman / Mr,B1,people
Hersteller,der,Hersteller,manufacturer / producer,B1,people
Hauptbahnhof,der,Hauptbahnhöfe,main train station,B1,places
Haus,das,Häuser,house,B1,home
Hausaufgabe,die,Hausaufgaben,homework,B1,education
Hausfrau/Hausmann,die/der,,housewife / househusband,B1,people
Haushalt,der,Haushalte,household,B1,home
Hausmeister,der,Hausmeister,caretaker / janitor,B1,people
Haut,die,,skin,B1,body
Heft,das,Hefte,exercise book / notebook,B1,education
Heim,das,Heime,home / care home,B1,places
Heimat,die,,homeland / home,B1,places
Heimweh,das,,homesickness,B1,communication
Hinweis,der,Hinweise,hint / note / information,B1,general
Hitze,die,,heat,B1,weather
Hobby,das,Hobbys,hobby,B1,general
Höhe,die,,height / altitude,B1,general
Hochzeit,die,Hochzeiten,wedding,B1,people
Hof,der,Höfe,courtyard / farm,B1,home
Bauernhof,der,Bauernhöfe,farm,B1,places
Hoffnung,die,Hoffnungen,hope,B1,communication
Holz,das,,wood / timber,B1,nature
Honig,der,,honey,B1,food
Herz,das,Herzen,heart,B1,body
Himmel,der,,sky / heaven,B1,nature
Import,der,Importe,import,B1,money
Industrie,die,Industrien,industry,B1,education
Infektion,die,Infektionen,infection,B1,health
Information,die,Informationen,information,B1,communication
Ingenieur,der,Ingenieure,engineer,B1,people
Inhalt,der,Inhalte,content / contents,B1,general
Hörer,der,Hörer,listener / receiver (phone),B1,communication
Zuhörer,der,,listener / audience,B1,communication
Hose,die,Hosen,trousers / pants,B1,clothing
Hotel,das,Hotels,hotel,B1,places
Hügel,der,Hügel,hill,B1,nature
Humor,der,,humour / humor,B1,communication
Hunger,der,,hunger,B1,food
Husten,der,,cough,B1,health
Hut,der,Hüte,hat,B1,clothing
Hütte,die,Hütten,hut / cabin,B1,places
Idee,die,Ideen,idea,B1,general
Imbiss,der,Imbisse,snack bar / fast food stand,B1,food
Interview,das,Interviews,interview,B1,communication
Jacke,die,Jacken,jacket,B1,clothing
Jause,die,Jausen,snack / break (Austrian),B1,food
Jeans,die,,jeans,B1,clothing
Insel,die,Inseln,island,B1,nature
Inserat,das,Inserate,advertisement,B1,communication
Institut,das,Institute,institute,B1,places
Instrument,das,Instrumente,instrument,B1,communication
Integration,die,Integrationen,integration,B1,general
Intelligenz,die,,intelligence,B1,general
Intensivkurs,der,Intensivkurse,intensive course,B1,education
Interesse,das,Interessen,interest,B1,general
Kabel,das,Kabel,cable,B1,general
Kabine,die,Kabinen,cabin / cubicle,B1,transportation
Kaffee,der,,coffee,B1,food
Kaffeehaus,das,Kaffeehäuser,coffee house (Austrian),B1,places
Kakao,der,Kakaos,cocoa / hot chocolate,B1,food
Kalender,der,Kalender,calendar,B1,time
Kälte,die,,cold / coldness,B1,weather
Kamera,die,Kameras,camera,B1,communication
Kampf,der,Kämpfe,fight / battle / struggle,B1,general
Kanal,der,Kanäle,canal / channel,B1,places
Kandidat,der,Kandidaten,candidate,B1,people
Kanne,die,Kannen,jug / pot,B1,food
Kantine,die,Kantinen,canteen,B1,places
Kapitel,das,Kapitel,chapter,B1,education
Journalist,der,Journalisten,journalist,B1,people
Jugend,die,,youth,B1,people
Jugendliche,der,Jugendlichen,young person / teenager,B1,people
Jugendherberge,die,Jugendherbergen,youth hostel,B1,places
Junge,der,Jungen,boy,B1,people
Käufer,der,Käufer,buyer / customer,B1,people
Kellner,der,Kellner,waiter,B1,people
Kenntnisse,die,,knowledge / skills,B1,education
Kennzeichen,das,Kennzeichen,licence plate / characteristic,B1,transportation
Kerze,die,Kerzen,candle,B1,home
Kette,die,Ketten,chain / necklace,B1,clothing
Kind,das,Kinder,child,B1,people
Kindergarten,der,Kindergärten,kindergarten / nursery school,B1,education
Kindheit,die,,childhood,B1,people
Kino,das,Kinos,cinema / movie theatre,B1,places
Kiosk,der,Kioske,kiosk / newsstand,B1,places
Kirche,die,Kirchen,church,B1,places
Karneval,der,Karnevals,carnival,B1,communication
Karotte,die,Karotten,carrot,B1,food
Karriere,die,Karrieren,career,B1,education
Karte,die,Karten,card / map / ticket,B1,general
Chipkarte,die,Chipkarten,chip card / smart card,B1,money
Kartoffel,die,Kartoffeln,potato,B1,food
Käse,der,,cheese,B1,food
Kasse,die,Kassen,checkout / cash register / cashier,B1,money
Kassette,die,Kassetten,cassette / tape,B1,communication
Kasten,der,Kästen,box / cupboard,B1,furniture
Katalog,der,Kataloge,catalogue,B1,money
Katastrophe,die,Katastrophen,catastrophe / disaster,B1,general
Kauf,der,,purchase / buy,B1,money
Klingel,die,Klingeln,doorbell / bell,B1,home
Klinik,die,Kliniken,clinic / hospital,B1,places
Kloß,der,Klöße,dumpling,B1,food
Kneipe,die,Kneipen,pub / bar,B1,places
Knie,das,Knie,knee,B1,body
Knochen,der,Knochen,bone,B1,body
Knödel,der,Knödel,dumpling (Austrian),B1,food
Knopf,der,Knöpfe,button,B1,clothing
Koch,der,Köche,cook / chef,B1,people
Koffer,der,Koffer,suitcase,B1,transportation
Kollege,der,Kollegen,colleague,B1,people
Kiste,die,Kisten,crate / box,B1,general
Kissen,das,Kissen,pillow / cushion,B1,furniture
Klasse,die,Klassen,class,B1,education
Klassenarbeit,die,Klassenarbeiten,class test,B1,education
Klavier,das,Klaviere,piano,B1,communication
Kleid,das,Kleider,dress,B1,clothing
Kleidung,die,,clothing,B1,clothing
Klick,der,Klick,click,B1,general
Klima,das,,climate,B1,weather
Klimaanlage,die,Klimaanlagen,air conditioning,B1,home
Konsulat,das,Konsulate,consulate,B1,places
Konsum,der,,consumption,B1,money
Kontakt,der,Kontakte,contact,B1,communication
Konto,das,Konten,account (bank),B1,money
Girokonto,das,Girokonten,current account / checking account,B1,money
Kontrolle,die,Kontrollen,control / check,B1,general
Konzert,das,Konzerte,concert,B1,communication
Kopf,der,Köpfe,head,B1,body
Kopie,die,Kopien,copy,B1,general
Kopierer,der,Kopierer,photocopier,B1,general
Körper,der,Körper,body,B1,body
Korridor,der,Korridore,corridor,B1,home
Kommunikation,die,,communication,B1,communication
Kompromiss,der,Kompromisse,compromise,B1,general
Konferenz,die,Konferenzen,conference,B1,education
Konfitüre,die,Konfitüren,jam (Swiss),B1,food
Konflikt,der,Konflikte,conflict,B1,general
König,der,Könige,king,B1,people
Konkurrenz,die,,competition,B1,money
Kredit,der,Kredite,credit / loan,B1,money
Kreditkarte,die,Kreditkarten,credit card,B1,money
Kreis,der,Kreise,circle / district,B1,places
Kreuz,das,Kreuze,cross,B1,general
Kreuzung,die,Kreuzungen,crossroads / intersection,B1,transportation
Krieg,der,Kriege,war,B1,general
Krimi,der,Krimis,crime novel / detective story,B1,communication
Krise,die,Krisen,crisis,B1,general
Kritik,die,Kritiken,criticism / critique,B1,communication
Küche,die,Küchen,kitchen / cuisine,B1,home
Kuchen,der,Kuchen,cake,B1,food
Kugelschreiber,der,Kugelschreiber,ballpoint pen,B1,general
Kuli,der,Kulis,ballpoint pen (informal),B1,general
Kühlschrank,der,Kühlschränke,refrigerator / fridge,B1,home
Kosten,die,,costs / expenses,B1,money
Kostüm,das,Kostüme,costume / suit,B1,clothing
Kraft,die,Kräfte,strength / power,B1,general
Kraftfahrzeug,das,Kraftfahrzeuge,motor vehicle,B1,transportation
Kraftwerk,das,Kraftwerke,power station,B1,places
Kranke,der,Kranken,sick person / patient,B1,health
Krankenhaus,das,Krankenhäuser,hospital,B1,places
Krankenkasse,die,Krankenkassen,health insurance fund,B1,health
Krankenpfleger,der,Krankenpfleger,nurse (male),B1,people
Krankenschwester,die,Krankenschwestern,nurse (female),B1,people
Krankenwagen,der,Krankenwagen,ambulance,B1,transportation
Krankheit,die,Krankheiten,illness / disease,B1,health
Kuss,der,Küsse,kiss,B1,communication
Küste,die,Küsten,coast,B1,nature
Kuvert,das,Kuverts,envelope (Austrian),B1,communication
Laden,der,Läden,shop / store,B1,places
Lage,die,,location / situation,B1,general
Lager,das,Lager,warehouse / storage / camp,B1,places
Lampe,die,Lampen,lamp / light,B1,home
Land,das,Länder,country / countryside,B1,places
Landwirtschaft,die,,agriculture / farming,B1,nature
Landschaft,die,Landschaften,landscape / scenery,B1,nature
Kultur,die,Kulturen,culture,B1,communication
Kunde,der,Kunden,customer / client,B1,people
Kündigung,die,Kündigungen,notice / termination,B1,education
Kunst,die,Künste,art,B1,communication
Künstler,der,Künstler,artist (male),B1,people
Kunststoff,der,Kunststoffe,plastic,B1,general
Kurs,der,Kurse,course,B1,education
Kursleiter,der,Kursleiter,course instructor,B1,people
Kurve,die,Kurven,curve / bend,B1,transportation
Laufwerk,das,Laufwerke,drive (computer),B1,general
Laune,die,Launen,mood,B1,communication
Lautsprecher,der,Lautsprecher,loudspeaker / speaker,B1,communication
Leben,das,,life,B1,general
Lebenslauf,der,Lebensläufe,curriculum vitae / CV / résumé,B1,education
Lebensmittel,die,,food / groceries,B1,food
Leder,das,,leather,B1,clothing
Lehre,die,,apprenticeship / teaching,B1,education
Lehrstelle,die,Lehrstellen,apprenticeship position,B1,education
Landung,die,Landungen,landing,B1,transportation
Länge,die,,length,B1,general
Langeweile,die,,boredom,B1,communication
Lärm,der,,noise,B1,general
Laster,der,Laster,truck / vice,B1,transportation
Lerner,der,Lerner,learner,B1,people
Leser,der,Leser,reader,B1,people
Lexikon,das,Lexika,encyclopaedia / dictionary,B1,education
Liebe,die,,love,B1,communication
Lieferung,die,Lieferungen,delivery,B1,money
Lehrer,der,Lehrer,teacher (male),B1,people
Lehrling,der,Lehrlinge,apprentice,B1,people
Leistung,die,Leistungen,performance / achievement,B1,general
Leiter,der,Leiter,leader / ladder,B1,people
Leitung,die,Leitungen,management / pipe / line,B1,general
Luft,die,,air,B1,nature
Lüge,die,Lügen,lie,B1,communication
Lust,die,,desire / mood / pleasure,B1,communication
Mädchen,das,Mädchen,girl,B1,people
Magazin,das,Magazine,magazine,B1,communication
Magen,der,Mägen,stomach,B1,body
Mahlzeit,die,Mahlzeiten,meal,B1,food
Mahnung,die,Mahnungen,reminder / warning,B1,money
Lift,der,Lifte,lift / elevator,B1,home
Limonade,die,Limonaden,lemonade / soft drink,B1,food
Linie,die,Linien,line / route,B1,transportation
Liste,die,Listen,list,B1,general
Literatur,die,,literature,B1,communication
Loch,das,Löcher,hole,B1,general
Löffel,der,Löffel,spoon,B1,food
Lohn,der,Löhne,wage / salary,B1,money
Lokal,das,Lokale,restaurant / pub / local,B1,places
Marmelade,die,Marmeladen,jam / marmalade,B1,food
Maschine,die,Maschinen,machine,B1,general
Material,das,,material,B1,general
Matura,die,,school-leaving exam (Austrian/Swiss),B1,education
Mauer,die,Mauern,wall,B1,home
Mechaniker,der,Mechaniker,mechanic,B1,people
Medien,die,,media,B1,communication
Medikament,das,Medikamente,medicine / medication,B1,health
Medizin,die,,medicine,B1,health
Meer,das,Meere,sea / ocean,B1,nature
Mehl,das,,flour,B1,food
Mehrheit,die,Mehrheiten,majority,B1,general
Mehrwertsteuer,die,,value added tax / VAT,B1,money
Mal,das,Male,time / occasion,B1,time
Maler,der,Maler,painter,B1,people
Mangel,der,Mängel,lack / shortage,B1,general
Mann,der,Männer,man / husband,B1,people
Mannschaft,die,Mannschaften,team,B1,people
Mantel,der,Mäntel,coat / overcoat,B1,clothing
Mappe,die,Mappen,folder / briefcase,B1,general
Märchen,das,Märchen,fairy tale,B1,communication
Margarine,die,,margarine,B1,food
Marille,die,Marillen,apricot (Austrian),B1,food
Marke,die,Marken,brand / mark / stamp,B1,money
Markt,der,Märkte,market,B1,places
Messer,das,Messer,knife,B1,food
Metall,das,Metalle,metal,B1,general
Methode,die,Methoden,method,B1,general
Metropole,die,Metropolen,metropolis,B1,places
Metzger,der,Metzger,butcher,B1,people
Miete,die,Mieten,rent,B1,money
Mieter,der,Mieter,tenant / renter,B1,people
Migrant,der,Migranten,migrant,B1,people
Migration,die,,migration,B1,people
Milch,die,,milk,B1,food
Minderheit,die,Minderheiten,minority,B1,people
Mineralwasser,das,,mineral water,B1,food
Meinung,die,Meinungen,opinion,B1,communication
Meister,der,Meister,master / champion,B1,people
Meldung,die,Meldungen,report / message / notification,B1,communication
Menge,die,Mengen,quantity / crowd / amount,B1,general
Mensa,die,Mensas,university canteen,B1,places
Mensch,der,Menschen,person / human being,B1,people
Menü,das,Menüs,menu / set meal,B1,food
Messe,die,Messen,trade fair / mass,B1,places
Mobiltelefon,das,Mobiltelefone,mobile phone,B1,communication
Mode,die,Moden,fashion,B1,clothing
Modell,das,Modelle,model,B1,general
Möglichkeit,die,Möglichkeiten,possibility / opportunity,B1,general
Möhre,die,Möhren,carrot,B1,food
Moment,der,Momente,moment,B1,time
Mond,der,Monde,moon,B1,nature
Monitor,der,Monitore,monitor / screen,B1,general
Motor,der,Motoren,engine / motor,B1,transportation
Motorrad,das,Motorräder,motorcycle / motorbike,B1,transportation
Mühe,die,,effort / trouble,B1,general
Müll,der,,rubbish / garbage,B1,general
Müllabfuhr,die,,rubbish collection / garbage collection,B1,general
Mitarbeiter,der,Mitarbeiter,employee / colleague / staff member,B1,people
Mitglied,das,Mitglieder,member,B1,people
Mitte,die,,middle / centre,B1,general
Mittel,das,Mittel,means / remedy,B1,general
Möbel,das,Möbel,furniture,B1,furniture
Mobilität,die,Mobilitäten,mobility,B1,transportation
Nachfrage,die,Nachfragen,demand / inquiry,B1,money
Nachhilfe,die,Nachhilfen,tutoring / private tuition,B1,education
Nachricht,die,Nachrichten,message / news,B1,communication
Nachspeise,die,Nachspeisen,dessert (Austrian),B1,food
Nachwuchs,der,,offspring / new talent,B1,people
Nadel,die,Nadeln,needle / pin,B1,general
Nagel,der,Nägel,nail,B1,general
Nähe,die,,proximity / vicinity,B1,general
Mülltonne,die,Mülltonnen,rubbish bin / dustbin,B1,home
Mund,der,Münder,mouth,B1,body
Münze,die,Münzen,coin,B1,money
Musik,die,,music,B1,communication
Musiker,der,Musiker,musician (male),B1,people
Musikerin,die,,musician (female),B1,people
Muskel,der,Muskeln,muscle,B1,body
Müesli/Müsli,das,Müesli/Müsli,muesli,B1,food
Mut,der,,courage,B1,communication
Mutter,die,Mütter,mother,B1,people
Nachbar,der,Nachbarn,neighbour (male),B1,people
Nachbarin,die,,neighbour (female),B1,people
Nerv,der,Nerven,nerve,B1,body
Netz,das,Netze,net / network,B1,general
Netzwerk,das,Netzwerke,network,B1,general
Neuigkeit,die,Neuigkeiten,news / novelty,B1,communication
Nichte,die,Nichten,niece,B1,people
Nichtraucher,der,Nichtraucher,non-smoker,B1,health
Nahrungsmittel,das,Nahrungsmittel,food / foodstuff,B1,food
Name,der,Namen,name,B1,general
Familienname,der,Familiennamen,family name / surname,B1,people
Vorname,der,Vornamen,first name / given name,B1,people
Nase,die,Nasen,nose,B1,body
Nebel,der,Nebel,fog / mist,B1,weather
Neffe,der,Neffen,nephew,B1,people
Notruf,der,,emergency call,B1,health
Note,die,Noten,note / grade / mark,B1,education
Notiz,die,Notizen,note,B1,general
Nudel,die,Nudeln,noodle / pasta,B1,food
Nummer,die,Nummern,number,B1,general
Notausgang,der,Notausgänge,emergency exit,B1,places
Notfall,der,Notfälle,emergency,B1,health
Ohr,das,Ohren,ear,B1,body
Oma,die,Omas,grandma / granny,B1,people
Onkel,der,Onkel,uncle,B1,people
Opa,der,Opas,grandpa,B1,people
Oper,die,Opern,opera,B1,communication
Operation,die,Operationen,operation / surgery,B1,health
Opfer,das,Opfer,victim / sacrifice,B1,general
Orange,die,Orangen,orange,B1,food
Orchester,das,Orchester,orchestra,B1,communication
Obst,das,,fruit,B1,food
Öffentlichkeit,die,,public,B1,general
Paket,das,Pakete,parcel / package,B1,general
Panne,die,Pannen,breakdown / puncture,B1,transportation
Papier,das,Papiere,paper,B1,general
Paradeiser,der,Paradeiser,tomato (Austrian),B1,food
Parfüm,das,Parfüms,perfume,B1,health
Park,der,Parks,park,B1,places
Partner,der,Partner,partner,B1,people
Party,die,Partys,party,B1,communication
Pass,der,Pässe,passport,B1,general
Passagier,der,Passagiere,passenger,B1,transportation
Ordination,die,Ordinationen,doctor's surgery (Austrian),B1,health
Ordner,der,Ordner,folder / binder,B1,general
Ordnung,die,,order / tidiness,B1,general
Organisation,die,Organisationen,organisation,B1,general
Original,das,Originale,original,B1,general
Ort,der,Orte,place / location,B1,places
Vorort,der,Vororte,suburb,B1,places
Wohnort,der,Wohnorte,place of residence,B1,places
Ozean,der,Ozeane,ocean,B1,nature
Paar,das,Paare,pair / couple,B1,people
Pfeffer,der,,pepper,B1,food
Pflanze,die,Pflanzen,plant,B1,nature
Pflaster,das,Pflaster,plaster / bandage,B1,health
Pflaume,die,Pflaumen,plum,B1,food
Pfleger,der,Pfleger,carer / nurse,B1,people
Pflicht,die,Pflichten,duty / obligation,B1,general
Phantasie/Fantasie,die,Phantasie/Fantasien,fantasy / imagination,B1,general
Picknick,das,Picknicks,picnic,B1,food
Pille,die,Pillen,pill / tablet,B1,health
Pilz,der,Pilze,mushroom / fungus,B1,food
Pizza,die,Pizzas,pizza,B1,food
Plakat,das,Plakate,poster / placard,B1,communication
Plan,der,Pläne,plan,B1,general
Planung,die,Planungen,planning,B1,general
Plastik,das,,plastic,B1,general
Platz,der,Plätze,place / seat / square,B1,places
Patient,der,Patienten,patient,B1,health
Pause,die,Pausen,break / pause,B1,time
Pech,das,,bad luck / pitch,B1,general
Pension,die,Pensionen,pension / guesthouse / retirement,B1,places
Pensionist,der,Pensionisten,pensioner / retiree,B1,people
Perron,der,Perrons,platform (Swiss),B1,transportation
Person,die,Personen,person,B1,people
Personalien,die,,personal details,B1,people
Personenstand,der,,civil status,B1,people
Personal,das,,staff / personnel,B1,people
Pfanne,die,Pfannen,pan / frying pan,B1,food
Praxis,die,,practice / surgery,B1,health
Preis,der,Preise,price / prize,B1,money
Presse,die,,press / media,B1,communication
Problem,das,Probleme,problem,B1,general
Produkt,das,Produkte,product,B1,money
Produktion,die,,production,B1,education
Professor,der,Professoren,professor,B1,people
Profi,der,Profis,professional,B1,people
Politik,die,,politics,B1,general
Politiker,der,Politiker,politician,B1,people
Polizei,die,,police,B1,places
Polizist,der,Polizisten,police officer,B1,people
Pommes,die,,chips / French fries,B1,food
Portemonnaie/Portmonee,das,Portemonnaie/Portmonees,wallet / purse,B1,money
Portion,die,Portionen,portion / serving,B1,food
Postleitzahl,die,Postleitzahlen,postcode / zip code,B1,general
Pöstler,der,Pöstler,postman (Swiss),B1,people
Poulet,das,Poulets,chicken (Swiss),B1,food
Praktikum,das,Praktika,internship / work placement,B1,education
Praktikant,der,Praktikanten,intern,B1,people
Universität,die,,university,B1,education
Quartier,das,Quartiere,quarter / neighbourhood / accommodation,B1,places
Quittung,die,Quittungen,receipt,B1,money
Quiz,das,,quiz,B1,general
Rabatt,der,Rabatte,discount,B1,money
Rad,das,Räder,wheel / bicycle,B1,transportation
Radfahrer,der,Radfahrer,cyclist,B1,people
Radio,das,Radios,radio,B1,communication
Rand,der,Ränder,edge / border / margin,B1,general
Rasen,der,Rasen,lawn / grass,B1,nature
Rat,der,,advice / council,B1,general
Rätsel,das,Rätsel,puzzle / riddle,B1,general
Rathaus,das,Rathäuser,town hall / city hall,B1,places
Profisportler,der,Profisportler,professional athlete,B1,people
Programm,das,Programme,programme / schedule,B1,communication
Projekt,das,Projekte,project,B1,education
Prospekt,der,Prospekte,brochure / prospectus,B1,communication
Protest,der,Proteste,protest,B1,general
Prozess,der,Prozesse,process / trial,B1,general
Prüfung,die,Prüfungen,exam / test,B1,education
Publikum,das,,audience / public,B1,communication
Pullover,der,Pullover,pullover / jumper,B1,clothing
Puppe,die,Puppen,doll / puppet,B1,general
Qualifikation,die,Qualifikationen,qualification,B1,education
Qualität,die,Qualitäten,quality,B1,general
Rede,die,Reden,speech,B1,communication
Referat,das,Referate,paper / presentation / report,B1,education
Reform,die,Reformen,reform,B1,general
Regal,das,Regale,shelf,B1,furniture
Regel,die,Regeln,rule,B1,general
Regen,der,,rain,B1,weather
Region,die,Regionen,region,B1,places
Reifen,der,Reifen,tyre / tire / hoop,B1,transportation
Reihe,die,Reihen,row / series,B1,general
Raucher,der,Raucher,smoker,B1,health
Raum,der,Räume,room / space,B1,home
Reaktion,die,Reaktionen,reaction,B1,general
Realität,die,Realitäten,reality,B1,general
Recherche,die,Recherchen,research,B1,education
Rechner,der,Rechner,calculator / computer,B1,general
Rechnung,die,Rechnungen,bill / invoice,B1,money
Recht,das,Rechte,right / law,B1,general
Reparatur,die,Reparaturen,repair,B1,general
Reportage,die,Reportagen,report / documentary,B1,communication
Reporter,der,Reporter,reporter,B1,people
Reservierung,die,Reservierungen,reservation,B1,places
Respekt,der,,respect,B1,communication
Rest,der,Reste,rest / remainder,B1,general
Restaurant,das,Restaurants,restaurant,B1,places
Rezept,das,Rezepte,recipe / prescription,B1,food
Rezeption/Reception,die,Rezeption/Reception,reception,B1,places
Richter,der,Richter,judge,B1,people
Richtung,die,Richtungen,direction,B1,general
Rind,das,Rinder,cattle / beef,B1,food
Ring,der,Ringe,ring,B1,clothing
Reihenfolge,die,Reihenfolgen,sequence / order,B1,general
Reinigung,die,Reinigungen,cleaning / dry cleaner's,B1,home
Reis,der,,rice,B1,food
Reise,die,Reisen,journey / trip,B1,transportation
Reisebüro,das,Reisebüros,travel agency,B1,places
Reklame,die,Reklamen,advertisement / advertising,B1,communication
Rekord,der,Rekorde,record,B1,general
Religion,die,Religionen,religion,B1,general
Rente,die,Renten,pension,B1,money
Rentner,der,Rentner,pensioner / retiree,B1,people
Runde,die,Runden,round,B1,general
Rundfahrt,die,Rundfahrten,round trip / tour,B1,transportation
Saal,der,Säle,hall / room,B1,places
Sache,die,Sachen,thing / matter,B1,general
Sack,der,Säcke,sack / bag,B1,general
Saft,der,Säfte,juice,B1,food
Saison,die,Saisons,season,B1,time
Salat,der,Salate,salad / lettuce,B1,food
Salbe,die,Salben,ointment / cream,B1,health
Salon,der,Salons,salon,B1,places
Salz,das,Salze,salt,B1,food
Sand,der,,sand,B1,nature
Risiko,das,Risiken,risk,B1,general
Rock,der,Röcke,skirt / rock (music),B1,clothing
Rolle,die,Rollen,role,B1,general
Roman,der,Romane,novel,B1,communication
Rose,die,Rosen,rose,B1,nature
Rucksack,der,Rucksäcke,backpack / rucksack,B1,clothing
Rückkehr,die,,return,B1,transportation
Rücken,der,Rücken,back,B1,body
Rücksicht,die,Rücksichten,consideration / regard,B1,general
Rüebli,das,Rüebli,carrot (Swiss),B1,food
Rufnummer,die,Rufnummern,telephone number,B1,communication
Ruhe,die,,peace / quiet / rest,B1,general
Schaufenster,das,Schaufenster,shop window / display window,B1,places
Schauspieler,der,Schauspieler,actor,B1,people
Scheibe,die,Scheiben,disc / slice / pane,B1,general
Scheidung,die,Scheidungen,divorce,B1,people
Schein,der,Scheine,certificate / note (money) / light,B1,money
Schere,die,Scheren,scissors,B1,general
Schiff,das,Schiffe,ship,B1,transportation
Sänger,der,Sänger,singer (male),B1,people
Satz,der,Sätze,sentence / set / rate,B1,education
Schachtel,die,Schachteln,box,B1,general
Schaden,der,Schäden,damage,B1,general
Schalter,der,Schalter,counter / switch,B1,places
Schatten,der,Schatten,shadow / shade,B1,nature
Schloss,das,Schlösser,castle / lock,B1,places
Schluss,der,,end / conclusion,B1,general
Schlüssel,der,Schlüssel,key,B1,home
Schmerz,der,Schmerzen,pain,B1,health
Schmerzmittel,das,Schmerzmittel,painkiller,B1,health
Schmuck,der,,jewellery,B1,clothing
Schmutz,der,,dirt / filth,B1,general
Schnee,der,,snow,B1,weather
Schild,das,Schilder,sign / shield,B1,general
Schinken,der,Schinken,ham,B1,food
Schirm,der,Schirme,umbrella / screen,B1,clothing
Schlaf,der,,sleep,B1,health
Schreiben,das,Schreiben,letter / writing,B1,communication
Schrift,die,Schriften,writing / script / font,B1,communication
Schriftsteller,der,Schriftsteller,writer / author,B1,people
Schritt,der,Schritte,step,B1,general
Schuh,der,Schuhe,shoe,B1,clothing
Schuld,die,,guilt / fault / debt,B1,general
Schulden,die,,debts,B1,money
Schule,die,Schulen,school,B1,education
Schularbeit,die,Schularbeiten,schoolwork / class test (Austrian),B1,education
Schüler,der,Schüler,pupil / student,B1,people
Schulter,die,Schultern,shoulder,B1,body
Schüssel,die,Schüsseln,bowl,B1,food
Schnitzel,das,Schnitzel,schnitzel / cutlet,B1,food
Schnupfen,der,,cold / runny nose,B1,health
Schokolade,die,,chocolate,B1,food
Schrank,der,Schränke,cupboard / wardrobe,B1,furniture
Schreck(en),der,,fright / terror,B1,general
Sehenswürdigkeit,die,Sehenswürdigkeiten,sight / tourist attraction,B1,places
Seife,die,Seifen,soap,B1,health
Seite,die,Seiten,page / side,B1,general
Sekretär,der,Sekretäre,secretary,B1,people
Schutz,der,,protection,B1,general
Schwammerl,das,Schwammerln,mushroom (Austrian),B1,food
Schwangerschaft,die,Schwangerschaften,pregnancy,B1,health
Schwester,die,Schwestern,sister,B1,people
Schwierigkeit,die,Schwierigkeiten,difficulty,B1,general
Schwimmbad,das,Schwimmbäder,swimming pool,B1,places
See,der,Seen,lake,B1,nature
Nord-/Ostsee,die,,North Sea / Baltic Sea,B1,nature
Sieg,der,Siege,victory,B1,general
Sieger,der,Sieger,winner / victor,B1,people
Sinn,der,,sense / meaning,B1,general
Situation,die,Situationen,situation,B1,general
Sitz,der,Sitze,seat,B1,furniture
Ski/Schi,der,Ski/Schier,ski,B1,general
Semester,das,Semester,semester,B1,education
Seminar,das,Seminare,seminar,B1,education
Semmel,die,Semmeln,bread roll (Austrian),B1,food
Sender,der,Sender,broadcaster / transmitter,B1,communication
Sendung,die,Sendungen,broadcast / programme / shipment,B1,communication
Senioren,die,,seniors / elderly people,B1,people
Serie,die,Serien,series,B1,communication
Service,der,,service,B1,general
Serviceangestellte,der,Serviceangestellten,service employee,B1,people
Sessel,der,Sessel,armchair,B1,furniture
Sicherheit,die,Sicherheiten,safety / security,B1,general
Souvenir,das,Souvenirs,souvenir,B1,general
Sozialarbeiter,der,Sozialarbeiter,social worker,B1,people
Spaß,der,,fun,B1,communication
Spaziergang,der,Spaziergänge,walk / stroll,B1,general
Socke,die,Socken,sock,B1,clothing
Sofa,das,Sofas,sofa,B1,furniture
Sohn,der,Söhne,son,B1,people
Sonne,die,,sun,B1,nature
Sorge,die,Sorgen,worry / concern / care,B1,communication
Soße/Sauce,die,Soße/Saucen,sauce / gravy,B1,food
Sprechstunde,die,Sprechstunden,office hours / surgery hours,B1,health
Spritze,die,Spritzen,injection / syringe,B1,health
Spur,die,Spuren,track / lane / trace,B1,transportation
Stadion,das,Stadien,stadium,B1,places
Stadtplan,der,Stadtpläne,city map / town plan,B1,places
Standpunkt,der,Standpunkte,standpoint / point of view,B1,communication
Star,der,Stars,star / celebrity,B1,people
Speisekarte,die,Speisekarten,menu,B1,food
Speisewagen,der,Speisewagen,dining car,B1,transportation
Spiegel,der,Spiegel,mirror,B1,home
Spiel,das,Spiele,game / play,B1,general
Spieler,der,Spieler,player,B1,people
Spielplatz,der,Spielplätze,playground,B1,places
Spielzeug,das,Spielzeuge,toy,B1,general
Sport,der,,sport,B1,general
Sportart,die,Sportarten,type of sport,B1,general
Sportler,der,Sportler,athlete / sportsperson,B1,people
Sprache,die,Sprachen,language,B1,education
Fremdsprache,die,Fremdsprachen,foreign language,B1,education
Muttersprache,die,Muttersprachen,mother tongue / native language,B1,education
Zweitsprache,die,Zweitsprachen,second language,B1,education
Donau,die,,Danube,B1,nature
Stein,der,Steine,stone / rock,B1,nature
Stelle,die,Stellen,position / place / job,B1,education
Stempel,der,Stempel,stamp / seal,B1,general
Stern,der,Sterne,star,B1,nature
Steuer,die,Steuern,tax / steering wheel,B1,money
Steward,der,Stewards,steward / flight attendant (male),B1,people
Stewardess,die,Stewardessen,stewardess / flight attendant (female),B1,people
Stift,der,Stifte,pen / pencil / pin,B1,general
Stil,der,Stile,style,B1,general
Stiefel,der,Stiefel,boot,B1,clothing
Stiegenhaus,das,Stiegenhäuser,stairwell (Austrian),B1,home
Start,der,Starts,start,B1,transportation
Station,die,Stationen,station / stop,B1,transportation
Statistik,die,Statistiken,statistics,B1,general
Stau,der,Staus,traffic jam,B1,transportation
Staub,der,,dust,B1,home
Steckdose,die,Steckdosen,socket / power outlet,B1,home
Stecker,der,Stecker,plug,B1,home
Streichholz,das,Streichhölzer,match,B1,general
Streik,der,Streiks,strike,B1,education
Streit,der,,argument / quarrel,B1,communication
Stress,der,,stress,B1,health
Strom,der,,electricity / current / river,B1,home
Strumpf,der,Strümpfe,stocking / sock,B1,clothing
Stück/-stück,das,Stück/-stücke,piece / item,B1,general
Studie,die,Studien,study,B1,education
Student,der,Studenten,student (male),B1,people
Studierende,der,Studierenden,student,B1,people
Studium,das,Studien,studies / degree,B1,education
Studio,das,Studios,studio,B1,places
Stufe,die,Stufen,step / level,B1,home
Stuhl,der,Stühle,chair,B1,furniture
Stimme,die,Stimmen,voice / vote,B1,communication
Stimmung,die,Stimmungen,mood / atmosphere,B1,communication
Stock,der,,floor / storey / stick,B1,home
Stockwerk,das,Stockwerke,floor / storey,B1,home
Stoff,der,Stoffe,material / fabric / substance,B1,clothing
Störung,die,Störungen,disruption / interference,B1,general
Strafe,die,Strafen,punishment / fine,B1,general
Strafzettel,der,Strafzettel,parking ticket / fine,B1,money
Strand,der,Strände,beach,B1,nature
Straße,die,Straßen,street / road,B1,places
Strecke,die,Strecken,route / stretch / distance,B1,transportation
Tabelle,die,Tabellen,table / chart,B1,general
Tablette,die,Tabletten,tablet / pill,B1,health
Tafel,die,Tafeln,blackboard / board / bar (chocolate),B1,education
Tagesablauf,der,Tagesabläufe,daily routine,B1,time
Tal,das,Täler,valley,B1,nature
Talent,das,Talente,talent,B1,general
Tankstelle,die,Tankstellen,petrol station / gas station,B1,places
Tante,die,Tanten,aunt,B1,people
Tanz,der,Tänze,dance,B1,communication
Tasche,die,Taschen,bag / pocket,B1,clothing
Taschengeld,das,Taschengelder,pocket money,B1,money
Taschentuch,das,Taschentücher,handkerchief / tissue,B1,health
Tasse,die,Tassen,cup,B1,food
Tastatur,die,Tastaturen,keyboard,B1,general
Taste,die,Tasten,key / button,B1,general
Tat,die,Taten,act / deed,B1,general
Täter,der,Täter,perpetrator,B1,people
Tätigkeit,die,Tätigkeiten,activity / occupation,B1,education
Sturm,der,Stürme,storm,B1,weather
Sucht,die,Süchte,addiction,B1,health
Suchtmittel,das,Suchtmittel,addictive substance,B1,health
Summe,die,Summen,sum / total,B1,money
Supermarkt,der,Supermärkte,supermarket,B1,places
Suppe,die,Suppen,soup,B1,food
Symbol,das,Symbole,symbol,B1,general
System,das,Systeme,system,B1,general
Szene,die,Szenen,scene,B1,communication
Telefon,das,Telefone,telephone,B1,communication
Teller,der,Teller,plate,B1,food
Temperatur,die,Temperaturen,temperature,B1,weather
Tempo,das,,speed / pace,B1,general
Tennis,das,,tennis,B1,general
Teppich,der,Teppiche,carpet / rug,B1,furniture
Termin,der,Termine,appointment / deadline,B1,time
Terminkalender,der,Terminkalender,diary / appointment book,B1,time
Terrasse,die,Terrassen,terrace / patio,B1,home
Test,der,Tests,test,B1,education
Text,der,Texte,text,B1,communication
Theater,das,Theater,theatre,B1,places
Thema,das,Themen,topic / theme,B1,general
Theorie,die,Theorien,theory,B1,general
Therapie,die,Therapien,therapy,B1,health
Ticket,das,Tickets,ticket,B1,transportation
Tier,das,Tiere,animal,B1,animals
Tatsache,die,Tatsachen,fact,B1,general
Technik,die,Techniken,technology / technique,B1,general
Technologie,die,Technologien,technology,B1,general
Tee,der,,tea,B1,food
Teil,das,Teile,part / piece,B1,general
Teilzeit,die,,part-time,B1,education
Teilnahme,die,Teilnahmen,participation,B1,general
Teilnehmer,der,Teilnehmer,participant,B1,people
Tradition,die,Traditionen,tradition,B1,communication
Trainer,der,Trainer,trainer / coach,B1,people
Training,das,Trainings,training,B1,general
Tram,das,Trams,tram / streetcar,B1,transportation
Träne,die,Tränen,tear (crying),B1,body
Transport,der,Transporte,transport,B1,transportation
Traum,der,Träume,dream,B1,communication
Treffpunkt,der,Treffpunkte,meeting point,B1,places
Trennung,die,Trennungen,separation,B1,people
Haustier,das,Haustiere,pet,B1,animals
Tierpark,der,Tierparks,animal park / zoo,B1,places
Tipp,der,Tipps,tip / hint,B1,communication
Tisch,der,Tische,table,B1,furniture
Titel,der,Titel,title,B1,general
Tochter,die,Töchter,daughter,B1,people
Tod,der,,death,B1,general
Toilette,die,Toiletten,toilet,B1,home
Tomate,die,Tomaten,tomato,B1,food
Topf,der,Töpfe,pot,B1,food
Tor,das,Tore,gate / goal,B1,places
Torte,die,Torten,cake / tart,B1,food
Tote,der,Toten,dead person,B1,people
Tourismus,der,,tourism,B1,places
Tourist,der,Touristen,tourist,B1,people
Tüte,die,Tüten,bag / paper bag,B1,general
Typ,der,Typen,type / guy,B1,people
Übung,die,Übungen,exercise / practice,B1,education
Treppenhaus,das,Treppenhäuser,stairwell,B1,home
Trinkgeld,das,Trinkgelder,tip / gratuity,B1,money
Tropfen,der,Tropfen,drops,B1,health
Trottoir,das,Trottoirs,pavement / sidewalk (Swiss),B1,transportation
Tuch,das,Tücher,cloth / scarf,B1,clothing
Tür,die,Türen,door,B1,home
Turm,der,Türme,tower,B1,places
Überzeugung,die,Überzeugungen,conviction / belief,B1,communication
Ufer,das,Ufer,bank / shore,B1,nature
Uhr,die,Uhren,clock / watch,B1,time
Umfrage,die,Umfragen,survey / poll,B1,general
Umgebung,die,Umgebungen,surroundings / environment,B1,places
Umleitung,die,Umleitungen,diversion / detour,B1,transportation
Übernachtung,die,Übernachtungen,overnight stay,B1,places
Überraschung,die,Überraschungen,surprise,B1,communication
Überschrift,die,Überschriften,headline / heading,B1,communication
Übersetzer,der,Übersetzer,translator,B1,people
Übersetzung,die,Übersetzungen,translation,B1,education
Überstunde,die,Überstunden,overtime,B1,education
Überweisung,die,Überweisungen,transfer / referral,B1,money
Uniform,die,Uniformen,uniform,B1,clothing
Unterhaltung,die,Unterhaltungen,entertainment / conversation,B1,communication
Unterkunft,die,Unterkünfte,accommodation,B1,places
Unterlagen,die,,documents / papers,B1,general
Unternehmer,der,Unternehmer,entrepreneur / employer,B1,people
Unterricht,der,,lessons / teaching / instruction,B1,education
Unterschied,der,Unterschiede,difference,B1,general
Umtausch,der,Umtäusche,exchange / return,B1,money
Umwelt,die,,environment,B1,nature
Umweltschutz,der,,environmental protection,B1,nature
Umweltverschmutzung,die,Umweltverschmutzungen,environmental pollution,B1,nature
Umzug,der,Umzüge,move / relocation / procession,B1,home
Unfall,der,Unfälle,accident,B1,health
Unglück,das,Unglücke,misfortune / accident,B1,general
Vase,die,Vasen,vase,B1,furniture
Vater,der,Väter,father,B1,people
Velo,das,Velos,bicycle (Swiss),B1,transportation
Verabredung,die,Verabredungen,appointment / date,B1,time
Abschied,der,Abschiede,farewell / goodbye,B1,communication
Veranstaltung,die,Veranstaltungen,event,B1,places
Verantwortung,die,,responsibility,B1,general
Verbot,das,Verbote,ban / prohibition,B1,general
Unterschrift,die,Unterschriften,signature,B1,general
Unterstützung,die,Unterstützungen,support,B1,general
Untersuchung,die,Untersuchungen,examination / investigation,B1,health
Urkunde,die,Urkunden,certificate / document,B1,general
Urlaub,der,Urlaube,holiday / vacation,B1,time
Ursache,die,Ursachen,cause / reason,B1,general
Urteil,das,Urteile,judgement / verdict,B1,general
Vergnügen,das,Vergnügen,pleasure / enjoyment,B1,general
Verhalten,das,,behaviour,B1,general
Verhältnis,das,Verhältnisse,relationship / ratio,B1,general
Verkäufer,der,Verkäufer,salesperson / seller,B1,people
Verkehr,der,,traffic,B1,transportation
Verkehrsmittel,das,Verkehrsmittel,means of transport,B1,transportation
Verlag,der,Verlage,publisher / publishing house,B1,communication
Verbindung,die,Verbindungen,connection / link,B1,transportation
Verbrecher,der,Verbrecher,criminal,B1,people
Verdacht,der,,suspicion,B1,general
Verein,der,Vereine,club / association,B1,general
Vergangenheit,die,,past,B1,time
Vergleich,der,Vergleiche,comparison,B1,general
Versammlung,die,Versammlungen,assembly / meeting,B1,general
Versichertenkarte,die,Versichertenkarten,health insurance card,B1,health
Versicherung,die,Versicherungen,insurance,B1,money
Verspätung,die,Verspätungen,delay,B1,transportation
Verletzung,die,Verletzungen,injury,B1,health
Verlierer,der,Verlierer,loser,B1,people
Verlust,der,Verluste,loss,B1,money
Vermieter,der,Vermieter,landlord,B1,people
Vermietung,die,Vermietungen,rental / letting,B1,money
Video,das,Videos,video,B1,communication
Viertel,das,Viertel,quarter,B1,general
Virus,der,Viren,virus,B1,health
Visitenkarte,die,Visitenkarten,business card,B1,communication
Visum,das,Visa,visa,B1,general
Vitamin,das,Vitamine,vitamin,B1,health
Vollzeit,die,,full-time,B1,education
Verständnis,das,,understanding,B1,communication
Versuch,der,Versuche,attempt / experiment,B1,general
Vertrag,der,Verträge,contract / agreement,B1,money
Vertrauen,das,,trust / confidence,B1,communication
Vertreter,der,Vertreter,representative / agent,B1,people
Vertretung,die,Vertretungen,representation / substitute,B1,people
Verwaltung,die,Verwaltungen,administration,B1,places
Verwandte,der,Verwandten,relative,B1,people
Vorschlag,der,Vorschläge,suggestion / proposal,B1,communication
Vorschrift,die,Vorschriften,regulation / rule,B1,general
Vorsicht,die,,caution / care,B1,general
Vorstellung,die,Vorstellungen,idea / imagination / introduction / performance,B1,communication
Vorstellungsgespräch,das,,job interview,B1,education
Vorteil,der,Vorteile,advantage,B1,general
Vortrag,der,Vorträge,lecture / talk,B1,education
Vorwahl,die,Vorwahlen,dialling code / area code,B1,communication
Vorwurf,der,Vorwürfe,accusation / reproach,B1,communication
Voraussetzung,die,Voraussetzungen,requirement / prerequisite,B1,general
Vorbereitung,die,Vorbereitungen,preparation,B1,general
Ware,die,Waren,goods / merchandise,B1,money
Wärme,die,,warmth / heat,B1,weather
Wäsche,die,,laundry / linen,B1,home
Waschmittel,das,Waschmittel,washing powder / detergent,B1,home
Wasser,das,,water,B1,food
Wecker,der,Wecker,alarm clock,B1,time
Wagen,der,Wagen,car / carriage / wagon,B1,transportation
Wahl,die,Wahlen,election / choice,B1,general
Wahrheit,die,Wahrheiten,truth,B1,general
Wald,der,Wälder,forest / wood,B1,nature
Wand,die,Wände,wall,B1,home
Wanderung,die,Wanderungen,hike,B1,nature
Werbung,die,Werbungen,advertising,B1,communication
Werk,das,Werke,work / plant / factory,B1,places
Werkstatt,die,Werkstätten,workshop / garage,B1,places
Werkzeug,das,Werkzeuge,tools,B1,general
Wert,der,Werte,value / worth,B1,money
Weg,der,Wege,path / way,B1,transportation
Wein,der,Weine,wine,B1,food
Welt,die,,world,B1,nature
Wind,der,Winde,wind,B1,weather
Wirkung,die,Wirkungen,effect,B1,general
Wirklichkeit,die,,reality,B1,general
Wirt,der,Wirte,landlord / innkeeper,B1,people
Wirtschaft,die,,economy,B1,money
Wissen,das,,knowledge,B1,education
Wissenschaft,die,Wissenschaften,science,B1,education
Wissenschaftler,der,Wissenschaftler,scientist / researcher,B1,people
Witz,der,Witze,joke,B1,communication
Wettbewerb,der,Wettbewerbe,competition,B1,general
Wetter,das,,weather,B1,weather
Wetterbericht,der,Wetterberichte,weather report,B1,weather
Wettervorhersage,die,Wettervorhersagen,weather forecast,B1,weather
Wiederholung,die,Wiederholungen,repetition / review,B1,education
Wiese,die,Wiesen,meadow,B1,nature
Wunsch,der,Wünsche,wish / desire,B1,communication
Wurst,die,Würste,sausage,B1,food
Zahl,die,Zahlen,number / digit,B1,general
Anzahl,die,Anzahlen,number / quantity,B1,general
Zahlung,die,Zahlungen,payment,B1,money
Zahn,der,Zähne,tooth,B1,body
Zahncreme/-pasta,die,,toothpaste,B1,health
Zange,die,Zangen,pliers / tongs,B1,general
Zeichen,das,Zeichen,sign / symbol,B1,general
Wohnsitz,der,Wohnsitze,place of residence / domicile,B1,places
Wohnung,die,Wohnungen,flat / apartment,B1,home
Wohnzimmer,das,Wohnzimmer,living room,B1,home
Wolke,die,Wolken,cloud,B1,weather
Wolle,die,,wool,B1,clothing
Wort,das,Wörter,word,B1,education
Wörterbuch,das,Wörterbücher,dictionary,B1,education
Wunde,die,Wunden,wound,B1,health
Wunder,das,Wunder,miracle / wonder,B1,general
Zeugnis,das,Zeugnisse,certificate / school report,B1,education
Ziel,das,Ziele,goal / destination / target,B1,general
Zigarette,die,Zigaretten,cigarette,B1,health
Zimmer,das,Zimmer,room,B1,home
Zinsen,die,,interest (financial),B1,money
Zirkus,der,Zirkusse,circus,B1,places
Zitrone,die,Zitronen,lemon,B1,food
Zivilstand,der,,civil status (Swiss),B1,people
Zoll,der,Zölle,customs / toll,B1,money
Zone,die,Zonen,zone,B1,general
Zoo,der,Zoos,zoo,B1,places
Zucker,der,,sugar,B1,food
Verkehrszeichen,das,Verkehrszeichen,traffic sign,B1,transportation
Zeichnung,die,Zeichnungen,drawing,B1,communication
Zeile,die,Zeilen,line / row,B1,general
Zeit,die,,time,B1,time
Zeitpunkt,der,Zeitpunkte,point in time / moment,B1,time
Zeitschrift,die,Zeitschriften,magazine / journal,B1,communication
Zeitung,die,Zeitungen,newspaper,B1,communication
Zelt,das,Zelte,tent,B1,general
Zentrum,das,Zentren,centre / downtown,B1,places
Zertifikat,das,Zertifikate,certificate,B1,education
Zettel,der,Zettel,note / slip of paper,B1,general
Zeug/-zeug,das,,stuff / things,B1,general
Zeuge,der,Zeugen,witness,B1,people
Zünder,der,Zünder,detonator / igniter,B1,general
Zündholz,das,Zündhölzer,match,B1,general
Zusammenhang,der,Zusammenhänge,context / connection,B1,general
Zuschauer,der,Zuschauer,spectator / viewer,B1,people
Zuschlag,der,Zuschläge,surcharge / supplement,B1,money
Zufall,der,Zufälle,coincidence / chance,B1,general
Zugang,der,Zugänge,access / entrance,B1,places
Zug,der,Züge,train / draught,B1,transportation
Zuhause,das,,home,B1,home
Zukunft,die,,future,B1,time
Zweck,der,Zwecke,purpose / aim,B1,general
Zweifel,der,Zweifel,doubt,B1,general
Zwiebel,die,Zwiebeln,onion,B1,food
Zustand,der,Zustände,condition / state,B1,general
Zustimmung,die,Zustimmungen,agreement / consent,B1,communication
Zutaten,die,,ingredients,B1,food